filename,start,end
2024-02-06_10-24-28_94GHz_FMCW.dat,36,84
2024-02-06_10-25-12_94GHz_FMCW.dat,36,84
2024-02-06_10-26-20_94GHz_FMCW.dat,36,84
2024-02-06_10-28-18_94GHz_FMCW.dat,36,84
2024-02-06_10-29-18_94GHz_FMCW.dat,36,84
2024-02-06_10-42-31_94GHz_FMCW.dat,20,40
2024-02-06_10-44-24_94GHz_FMCW.dat,36,50
2024-02-06_10-45-07_94GHz_FMCW.dat,36,50
2024-02-06_10-46-18_94GHz_FMCW.dat,25,84
2024-02-06_11-00-37_94GHz_FMCW.dat,40,60
2024-02-06_11-01-15_94GHz_FMCW.dat,36,60
2024-02-06_11-02-20_94GHz_FMCW.dat,36,60
2024-02-06_11-03-39_94GHz_FMCW.dat,36,60
2024-02-06_11-04-47_94GHz_FMCW.dat,36,65
2024-02-06_11-05-51_94GHz_FMCW.dat,36,65
2024-02-06_11-06-51_94GHz_FMCW.dat,70,84
2024-02-06_11-08-04_94GHz_FMCW.dat,20,40
2024-02-06_11-10-08_94GHz_FMCW.dat,36,84
2024-02-06_11-16-51_94GHz_FMCW.dat,36,84
2024-02-06_11-18-16_94GHz_FMCW.dat,36,84
2024-02-06_11-19-30_94GHz_FMCW.dat,36,84
2024-02-06_11-20-33_94GHz_FMCW.dat,36,84
2024-02-06_11-21-26_94GHz_FMCW.dat,36,84
2024-02-06_11-22-25_94GHz_FMCW.dat,36,84
2024-02-06_11-32-06_94GHz_FMCW.dat,36,84
2024-02-06_11-33-05_94GHz_FMCW.dat,36,84
2024-02-06_11-33-57_94GHz_FMCW.dat,36,84
2024-02-06_11-34-57_94GHz_FMCW.dat,36,84
2024-02-06_11-35-37_94GHz_FMCW.dat,36,84
2024-02-06_11-36-52_94GHz_FMCW.dat,36,84
2024-02-06_11-38-48_94GHz_FMCW.dat,36,84
2024-02-06_11-39-42_94GHz_FMCW.dat,36,84
2024-02-06_11-41-20_94GHz_FMCW.dat,36,84
2024-02-06_11-48-43_94GHz_FMCW.dat,36,84
2024-02-06_11-49-44_94GHz_FMCW.dat,36,84
2024-02-06_11-51-17_94GHz_FMCW.dat,36,65
2024-02-06_11-52-48_94GHz_FMCW.dat,36,65
2024-02-06_11-54-48_94GHz_FMCW.dat,36,84
2024-02-06_11-55-42_94GHz_FMCW.dat,36,84
2024-02-06_11-57-01_94GHz_FMCW.dat,36,84
2024-02-06_11-57-39_94GHz_FMCW.dat,36,84
2024-02-06_12-06-37_94GHz_FMCW.dat,36,84
2024-02-06_12-07-41_94GHz_FMCW.dat,36,84
2024-02-06_12-08-21_94GHz_FMCW.dat,36,84
2024-02-06_12-09-09_94GHz_FMCW.dat,36,84
2024-02-06_12-10-42_94GHz_FMCW.dat,36,84
2024-02-06_12-12-54_94GHz_FMCW.dat,36,84
2024-02-06_12-19-38_94GHz_FMCW.dat,36,84
2024-02-06_12-20-48_94GHz_FMCW.dat,36,84
2024-02-06_12-21-50_94GHz_FMCW.dat,36,84
2024-02-06_12-22-46_94GHz_FMCW.dat,36,84
2024-02-06_12-30-15_94GHz_FMCW.dat,36,84
2024-02-06_12-31-00_94GHz_FMCW.dat,36,84
2024-02-06_12-32-01_94GHz_FMCW.dat,36,84
2024-02-06_12-39-49_94GHz_FMCW.dat,20,40
2024-02-06_12-40-20_94GHz_FMCW.dat,20,40
2024-02-06_12-41-25_94GHz_FMCW.dat,20,40
2024-02-06_12-42-06_94GHz_FMCW.dat,20,40
2024-02-06_12-43-13_94GHz_FMCW.dat,20,40
