file names,start_range,end_range
2024-03-01_09-36-26_94GHz_FMCW.dat,26.44,60.1
2024-03-01_09-38-17_94GHz_FMCW.dat,27.0,84.66
2024-03-01_09-39-40_94GHz_FMCW.dat,47.2,81.8
2024-03-01_09-59-05_94GHz_FMCW.dat,45.2,80.3
2024-03-01_10-00-35_94GHz_FMCW.dat,20.77,69.64
2024-03-01_10-21-42_94GHz_FMCW.dat,23.5,84.5
2024-03-01_10-23-06_94GHz_FMCW.dat,41.5,80.9
2024-03-01_10-49-32_94GHz_FMCW.dat,41.3,77.0
2024-03-01_10-50-37_94GHz_FMCW.dat,39.5,79.5
2024-03-01_11-12-07_94GHz_FMCW.dat,41.0,84.3
2024-03-01_11-13-16_94GHz_FMCW.dat,45.5,82.7
